"qb","first_name","last_name","season","games_started","spread_val","spread_val_wow","spread_val_ytd","rank","win_pct","average_qb_elo","average_qb_elo_era_adj","headshot_url","team","gsis_id","espn_id","birth_date","height","weight","jersey_number","college","unique_id","position","qb_plays","pass_atts","pass_comp","inc","int","td","passing_yards","sacks","sack_yards","rush_atts","rush_yards","rush_tds","yards_p_att","td_rate","int_rate","comp_pct","td_int_net_rate","yards_per_carry","any_a","passer_rating","adot","v_sticks","cpoe","total_epa","avg_epa","succsess_rate","qb_rush_epa_delta","sack_epa_delta","incomplete_epa_delta","interception_epa_delta","completion_air_epa_delta","completion_yac_epa_delta","net_penalty_epa_delta","other_outcome_epa_delta","wpa","wins","losses","ties","comebacks","total_wpa","games_played","qbr_total","team_nick","team_logo_espn","team_color","team_color2"
"Patrick Mahomes","Patrick","Mahomes","2022","17","5.597988107674923","-0.6033442492924656","1.0641188870607288","1.0","0.8235294117647058","295.8841317492715","149.82701663600133","https://static.www.nfl.com/image/private/f_auto,q_auto/league/vs40h82nvqaqvyephwwu","KC","00-0033873","3139477.0","1995-09-17","74.0","230.0","15.0","Texas Tech","00-0033873_2022","#15","720.0","648","435.0","201.0","12.0","41.0","5250.0","26.0","-188.0","49","366.0","4.0","8.101851851851851","0.0632716049382716","0.0185185185185185","0.6712962962962963","0.044753086419753","7.469387755102041","7.925816023738872","105.15689300411525","7.24074074074074","-1.0725308641975309","3.594863495245308","216.18146374871645","0.2833308830258407","0.5386631716906947","0.0173745575748127","0.0485924039587407","0.0224506484983423","0.0180890408460736","0.0034447030556605","0.1414879215345368","-0.0115339220114219","3.242800111536059e-05","0.0079662573208202","14","3","0","6","6.078254335785823","17","79.0","Chiefs","https://a.espncdn.com/i/teamlogos/nfl/500/kc.png","#E31837","#FFB612"
"Josh Allen","Joshua","Allen","2022","16","4.023573845121387","-0.140026840242682","-0.5183949645338908","2.0","0.8125","263.6949698923426","117.63785477907246","https://static.www.nfl.com/image/private/f_auto,q_auto/league/btfnqtymqsqgybnv4u6n","BUF","00-0034857","3918298.0","1996-05-21","77.0","237.0","17.0","Wyoming","00-0034857_2022","#17","650.0","566","359.0","193.0","14.0","35.0","4283.0","33.0","-162.0","102","783.0","7.0","7.567137809187279","0.0618374558303886","0.0247349823321554","0.6342756183745583","0.0371024734982332","7.676470588235294","6.996661101836394","96.77561837455828","9.2226148409894","0.4946996466431095","0.9459151776836192","164.58402787591825","0.2236196030922802","0.532608695652174","0.0645982244741167","0.0276873978949062","0.0273773354703169","-0.0040979733517389","0.1062764011031576","-0.0310562415411904","-0.0105729240294875","1.4281504219172394e-05","0.0060581587222215","13","3","0","3","4.458804819555029","16","73.4","Bills","https://a.espncdn.com/i/teamlogos/nfl/500/buf.png","#00338D","#C60C30"
"Jalen Hurts","Jalen","Hurts","2022","15","3.476789927116956","-1.0283177281581288","3.0003988108070496","3.0","0.9333333333333332","257.5267985393695","111.46968342609932","https://static.www.nfl.com/image/private/f_auto,q_auto/league/iv04omcunr78zezpnf8t","PHI","00-0036389","4040715.0","1998-08-07","73.0","218.0","1.0","Oklahoma","00-0036389_2022","#1","541.0","460","306.0","148.0","6.0","22.0","3701.0","38.0","-231.0","140","781.0","13.0","8.045652173913043","0.0478260869565217","0.0130434782608695","0.6652173913043479","0.0347826086956521","5.578571428571428","7.309236947791165","101.54891304347828","8.117391304347827","-0.9847826086956522","2.728158701425309","117.94011719492651","0.1765570616690517","0.4925149700598802","0.0824682439478766","0.0091897598766698","0.0570989558752309","0.0387479163600529","0.0030081311300547","-0.0455750507687748","-0.0116929636876128","-8.103263242612404e-05","0.0054934038608847","14","1","0","2","3.669593779071012","15","68.3","Eagles","https://a.espncdn.com/i/teamlogos/nfl/500/phi.png","#004C54","#A5ACAF"
"Joe Burrow","Joe","Burrow","2022","16","3.2499510093884725","-0.3788087591441183","2.1462305871468685","4.0","0.75","229.2290473002016","83.1719321869314","https://static.www.nfl.com/image/private/f_auto,q_auto/league/pbl27kxsr5ulgxmvtvfn","CIN","00-0036442","3915511.0","1996-12-10","76.0","216.0","9.0","Louisiana State","00-0036442_2022","#9","673.0","605","414.0","179.0","12.0","35.0","4475.0","41.0","-259.0","53","278.0","5.0","7.396694214876033","0.0578512396694214","0.0198347107438016","0.684297520661157","0.0380165289256198","5.245283018867925","6.773993808049536","100.9469696969697","6.811570247933885","-1.765289256198347","2.7368442411139875","115.3050241939905","0.1558176002621493","0.5121621621621621","-0.0009383140901416","0.0010988582659185","0.0281098782472378","0.0072131881012458","0.0031669372233622","0.0754924893144516","-0.0017630427469469","4.450437904143114e-05","0.0045857765120471","12","4","0","4","3.393474618914861","16","60.8","Bengals","https://a.espncdn.com/i/teamlogos/nfl/500/cin.png","#FB4F14","#000000"
"Tom Brady","Tom","Brady","2022","17","2.7898046089796025","-0.5432561228730844","-0.8924007395047079","5.0","0.4705882352941176","207.49944021237823","61.44232509910809","https://static.www.nfl.com/image/private/f_auto,q_auto/league/q7dpdlxyu5rs05rgh1le","TB","00-0019596","2330.0","1977-08-03","76.0","225.0","12.0","Michigan","00-0019596_2022","#12","756.0","730","490.0","231.0","9.0","25.0","4694.0","22.0","-160.0","10","12.0","1.0","6.4301369863013695","0.0342465753424657","0.0123287671232876","0.6712328767123288","0.021917808219178","1.2","6.155585106382978","91.09018264840182","6.772602739726027","-1.6972602739726028","0.6720092770229315","57.69393199953672","0.0719375710717415","0.4812967581047381","-0.0316967352173531","0.050647082782907","-0.0071440488578424","0.0321781752169731","-0.0545268370259391","0.0398272122994258","-0.0007498703952699","9.490700859816686e-06","0.0029794965923715","8","9","0","4","2.389556267081969","17","54.6","Buccaneers","https://a.espncdn.com/i/teamlogos/nfl/500/tb.png","#A71930","#322F2B"
"Jared Goff","Jared","Goff","2022","17","2.5279440722993205","-0.1439430920118241","2.1480284755164383","6.0","0.5294117647058824","201.8569642365328","55.79984912326262","https://static.www.nfl.com/image/private/f_auto,q_auto/league/s4hzfab5iglq2tmjb0xy","DET","00-0033106","3046779.0","1994-10-14","76.0","223.0","16.0","California","00-0033106_2022","#16","624.0","586","382.0","197.0","7.0","29.0","4438.0","23.0","-156.0","17","83.0","0.0","7.573378839590443","0.0494880546075085","0.0119453924914675","0.6518771331058021","0.0375426621160409","4.882352941176471","7.466338259441708","99.48094425483504","7.051194539249146","-1.501706484641638","-1.3776976920107504","112.96299176417288","0.1708971131076745","0.491679273827534","-0.0279966964492852","0.0252008498696056","-0.0336688557289288","0.0298859354945882","-0.0024058950713386","0.1318908269000303","0.0046113333876011","-1.3486862578615996e-05","0.0046371684619608","9","8","0","2","3.065168353356124","17","63.3","Lions","https://a.espncdn.com/i/teamlogos/nfl/500/det.png","#0076B6","#B0B7BC"
"Daniel Jones","Daniel","Jones","2022","16","2.189208736395708","1.278725041332865","2.956113501826356","4.0","0.5625","188.6959482775012","42.63883316423099","https://static.www.nfl.com/image/private/f_auto,q_auto/league/af6nbjqa6qubnu8oi4ms","NYG","00-0035710","3917792.0","1997-05-27","77.0","220.0","8.0","Duke","00-0035710_2022","#8","565.0","467","317.0","145.0","5.0","15.0","3205.0","44.0","-243.0","107","723.0","7.0","6.862955032119914","0.032119914346895","0.0107066381156316","0.6788008565310493","0.0214132762312633","6.757009345794392","5.943248532289628","93.4912562455389","6.492505353319058","-2.702355460385439","2.3206933424650398","57.35549817006256","0.0874321618446075","0.4969512195121951","0.0402043855747943","0.0124437157785177","0.0317530336710263","0.0490006394968586","-0.057751053819909","-0.0233183439233734","-0.0083028072021472","9.490700859816686e-06","0.0021620195375165","9","6","1","3","1.418284816610843","16","62.9","Giants","https://a.espncdn.com/i/teamlogos/nfl/500/nyg.png","#0B2265","#A71930"
"Trevor Lawrence","Trevor","Lawrence","2022","17","1.8194743131165547","-0.3623695220805962","3.3678702301351366","7.0","0.5294117647058824","202.6302931385034","56.5731780252332","https://static.www.nfl.com/image/private/f_auto,q_auto/league/nel2x2crpaasltsb6vwj","JAX","00-0036971","4360310.0","1999-10-06","78.0","220.0","16.0","Clemson","00-0036971_2022","#16","633.0","582","387.0","187.0","8.0","25.0","4113.0","27.0","-184.0","51","300.0","5.0","7.06701030927835","0.0429553264604811","0.0137457044673539","0.6649484536082474","0.0292096219931271","5.882352941176471","6.681444991789819","95.53264604810995","7.415807560137457","-1.465635738831615","1.4455603853239292","109.05273316275756","0.1582768260707656","0.5224963715529753","-0.0113302324926814","0.0222046415985906","0.0052611005115786","0.0385704431411499","-0.0045219051846948","0.0651613301226332","-0.0004677605328796","6.107339088870968e-06","0.0029270503627338","9","8","0","3","2.01673769992364","17","56.1","Jaguars","https://a.espncdn.com/i/teamlogos/nfl/500/jax.png","#006778","#000000"
"Kyler Murray","Kyler","Murray","2022","11","1.583592478766301","-0.6315680292164575","-0.0850456240566711","11.0","0.2727272727272727","191.71631037039265","45.659195257122455","https://static.www.nfl.com/image/private/f_auto,q_auto/league/nkb9x92lbea6ayknzoba","ARI","00-0035228","3917315.0","1997-08-07","70.0","207.0","1.0","Oklahoma","00-0035228_2022","#1","437.0","387","259.0","121.0","7.0","14.0","2368.0","25.0","-192.0","59","423.0","3.0","6.118863049095607","0.0361757105943152","0.0180878552971576","0.6692506459948321","0.0180878552971576","7.169491525423729","5.196601941747573","87.87144702842377","6.906976744186046","-1.8578811369509045","-0.8317117729494657","13.82732816800681","0.0281043255447292","0.4451219512195122","0.0125075775508143","0.0185963133754498","-0.0204287248902625","0.0303310374161491","-0.0780078608057798","0.0205647876775901","0.0011386029519279","9.490700859816686e-06","0.0012571045510881","3","8","0","2","0.6184954391353663","11","53.6","Cardinals","https://a.espncdn.com/i/teamlogos/nfl/500/ari.png","#97233F","#000000"
"Justin Herbert","Justin","Herbert","2022","17","1.5468646296200246","0.379415726093772","-1.2837378352449071","8.0","0.5882352941176471","184.40921020367264","38.35209509040245","https://static.www.nfl.com/image/private/f_auto,q_auto/league/qknkhe4w6liovjubzmnh","LAC","00-0036355","4038941.0","1998-03-10","78.0","237.0","10.0","Oregon","00-0036355_2022","#10","757.0","697","477.0","210.0","10.0","25.0","4739.0","38.0","-206.0","35","165.0","0.0","6.799139167862267","0.0358680057388809","0.0143472022955523","0.6843615494978479","0.0215208034433285","4.714285714285714","6.235374149659864","93.42120994739358","6.440459110473458","-2.152080344332855","1.3532145663544004","36.516563450621305","0.0458750797118358","0.4685929648241206","-0.0074172568074314","0.0129264666251412","-0.0022767478893288","0.0203991541775595","-0.0724281922817325","0.0570754992767389","-0.00571002638896","-8.691856813156386e-05","0.0015644955056552","10","7","0","4","1.2453384225016055","17","60.2","Chargers","https://a.espncdn.com/i/teamlogos/nfl/500/lac.png","#007BC7","#ffc20e"
"Lamar Jackson","Lamar","Jackson","2022","12","1.1525545350050412","-0.7994062816723613","0.4863217653634842","11.0","0.6666666666666666","207.8064676899236","61.74935257665337","https://static.www.nfl.com/image/private/f_auto,q_auto/league/gylnuxkxgm3zd4j0d0ku","BAL","00-0034796","3916387.0","1997-01-07","74.0","212.0","8.0","Louisville","00-0034796_2022","#8","377.0","325","203.0","115.0","7.0","17.0","2242.0","26.0","-114.0","98","776.0","3.0","6.898461538461539","0.0523076923076923","0.0215384615384615","0.6246153846153846","0.0307692307692307","7.918367346938775","6.133903133903134","91.33974358974358","8.467692307692309","-0.7784615384615384","-0.6028663475536591","53.81691701944433","0.1147482239220561","0.4946695095948827","0.0690041890925575","0.0266593141551723","0.022919200687847","0.0224172631265731","0.008977363549808","-0.0667801003225425","-0.0118283491701897","-1.3758765150098028e-05","0.0037816034047101","8","4","0","1","1.7735719968090713","12","61.1","Ravens","https://a.espncdn.com/i/teamlogos/nfl/500/bal.png","#241773","#9E7C0C"
"Kirk Cousins","Kirk","Cousins","2022","17","1.134528769411587","0.1937428176981484","-0.670137570594377","9.0","0.7647058823529411","165.9914503900596","19.93433527678943","https://static.www.nfl.com/image/private/f_auto,q_auto/league/h9ndf9ralxifgjvot2q4","MIN","00-0029604","14880.0","1988-08-19","75.0","202.0","8.0","Michigan State","00-0029604_2022","#8","698.0","640","424.0","202.0","14.0","29.0","4547.0","46.0","-329.0","19","110.0","2.0","7.1046875","0.0453125","0.021875","0.6625","0.0234375","5.789473684210527","6.075801749271137","92.88411458333331","7.528951486697966","-1.1424100156494523","1.261780202486317","43.26014640834694","0.0581453580757351","0.4919354838709677","-0.0231180381161505","-0.0126567513359963","0.0001854812475138","-0.0126269581030079","0.0427476863740237","0.0122175763302584","0.0075917607912971","9.490700859816686e-06","0.0044606192034642","13","4","0","4","3.318700687377385","17","52.3","Vikings","https://a.espncdn.com/i/teamlogos/nfl/500/min.png","#4F2683","#FFC62F"
"Dak Prescott","Rayne","Prescott","2022","12","1.060447976652249","-0.9592419984713024","-1.0435492015868022","10.0","0.6666666666666666","167.7502855469217","21.69317043365152","https://static.www.nfl.com/image/private/f_auto,q_auto/league/ofhu8bvafse5folcjzyu","DAL","00-0033077","2577417.0","1993-07-29","74.0","238.0","4.0","Mississippi State","00-0033077_2022","#4","429.0","394","261.0","118.0","15.0","23.0","2860.0","20.0","-126.0","35","191.0","1.0","7.258883248730965","0.0583756345177665","0.0380710659898477","0.6624365482233503","0.0203045685279187","5.457142857142857","6.084541062801932","91.12732656514382","8.210659898477157","-0.5380710659898477","0.0622834242189042","72.25880250621717","0.1534157165737094","0.524416135881104","-0.0041378142420151","0.0356034633749583","0.0130855022016076","-0.0741632041656556","0.0804114945675881","0.0295441591471347","0.0296695234212511","9.490700859816686e-06","0.0040822896196332","8","4","0","2","1.9227584108472604","12","59.9","Cowboys","https://a.espncdn.com/i/teamlogos/nfl/500/dal.png","#002244","#B0B7BC"
"Tua Tagovailoa","Tua","Tagovailoa","2022","13","1.0512347675779077","-0.4604827434685353","1.3264605090134105","11.0","0.6153846153846154","206.44745372303493","60.39033860976475","https://static.www.nfl.com/image/private/f_auto,q_auto/league/dyrrl1knhcxqjwuvhcwm","MIA","00-0036212","4241479.0","1998-03-02","73.0","218.0","1.0","Alabama","00-0036212_2022","#1","430.0","399","259.0","132.0","8.0","25.0","3548.0","21.0","-163.0","12","77.0","0.0","8.892230576441102","0.06265664160401","0.0200501253132832","0.6491228070175439","0.0426065162907268","6.416666666666667","8.392857142857142","105.7591896407686","9.588972431077694","0.6541353383458647","1.4286879652230318","107.81166622686246","0.2374706304556441","0.5","-0.0212958735518661","0.0125625333284925","-0.0250955093500186","0.0106006808668977","0.2377239436744206","-0.0290902448686591","0.008662508087537","9.490700859816686e-06","0.0059241439050452","8","5","0","2","2.6895613328905448","13","70.6","Dolphins","https://a.espncdn.com/i/teamlogos/nfl/500/mia.png","#008E97","#F58220"
"Geno Smith","Eugene","Smith","2022","17","0.843299573961035","-0.2437571314931324","1.4009857267648271","11.0","0.5294117647058824","191.3205377626136","45.26342264934342","https://static.www.nfl.com/image/private/f_auto,q_auto/league/vxnzv7tz7ntlmpthfb42","SEA","00-0030565","15864.0","1990-10-10","75.0","221.0","7.0","West Virginia","00-0030565_2022","#7","650.0","571","399.0","161.0","11.0","30.0","4282.0","46.0","-348.0","54","374.0","1.0","7.499124343257443","0.052539404553415","0.0192644483362521","0.6987740805604203","0.0332749562171628","6.925925925925926","6.546191247974068","101.04713952130766","7.587719298245614","-1.4947368421052631","5.681664680225262","42.48899386156428","0.0597594850373618","0.5007032348804501","-0.0047696825027738","-0.006659673927463","0.0373412373341915","0.0026504623669688","0.0336947089089621","-0.0547954848612264","0.008898757659103","6.058491619164224e-06","0.0015643859537509","9","8","0","1","1.1122784131169603","17","62.8","Seahawks","https://a.espncdn.com/i/teamlogos/nfl/500/sea.png","#002244","#69be28"
"Deshaun Watson","Derrick","Watson","2022","6","0.5913597607153054","-0.4629052659232605","-2.718188934207202","12.0","0.5","85.34340356867342","-60.71371154459677","https://static.www.nfl.com/image/private/f_auto,q_auto/league/otfs2docj6eahaebo5xn","CLE","00-0033537","3122840.0","1995-09-14","75.0","221.0","4.0","Clemson","00-0033537_2022","#4","200.0","168","99.0","64.0","5.0","7.0","1102.0","20.0","-106.0","26","178.0","1.0","6.559523809523809","0.0416666666666666","0.0297619047619047","0.5892857142857143","0.0119047619047619","6.846153846153846","4.845744680851064","80.00992063492062","7.226190476190476","-1.7142857142857142","-3.252325855292284","-19.85481912143821","-0.0870825400063079","0.4210526315789473","0.0265469761986446","-0.0123980562458614","-0.0360144942115684","-0.0233472616769785","0.0006732963891565","-0.0550111034464957","-0.030934489282045","9.490700859816686e-06","-0.0032923235253926","3","3","0","0","-0.7506497637895354","6","","Browns","https://a.espncdn.com/i/teamlogos/nfl/500/cle.png","#FF3C00","#311D00"
"Jacoby Brissett","Jacoby","Brissett","2022","11","0.3081939463728417","-0.290171891570933","1.439596673664139","18.0","0.3636363636363636","161.41898049035387","15.361865377083689","https://static.www.nfl.com/image/private/f_auto,q_auto/league/z12an2n54jj6ycouwg9h","CLE","00-0033119","2578570.0","1992-12-11","76.0","235.0","7.0","North Carolina State","00-0033119_2022","#7","413.0","366","236.0","124.0","6.0","12.0","2608.0","24.0","-160.0","43","247.0","2.0","7.1256830601092895","0.0327868852459016","0.0163934426229508","0.644808743169399","0.0163934426229508","5.744186046511628","6.2","89.60610200364299","8.614754098360656","-0.1912568306010929","2.856939992843532","54.03782504115","0.116712365099676","0.4794816414686825","0.0314253706666571","-0.0011999360786543","-0.0048661809207691","0.0522382084131005","0.0453886824314343","-0.053388807636973","0.0037124359560402","9.490700859816686e-06","0.0020356909986332","6","8","0","1","0.9425249323672068","14","62.0","Browns","https://a.espncdn.com/i/teamlogos/nfl/500/cle.png","#FF3C00","#311D00"
"Jimmy Garoppolo","James","Garoppolo","2022","10","0.2697589663400254","-0.7654875186834351","0.7108925910395237","19.0","0.7","162.66985204407672","16.61273693080654","https://static.www.nfl.com/image/private/f_auto,q_auto/league/fuepwtifp7wd9grpzvwb","SF","00-0031345","16760.0","1991-11-02","74.0","225.0","10.0","Eastern Illinois","00-0031345_2022","#10","329.0","308","207.0","97.0","4.0","16.0","2437.0","18.0","-100.0","16","38.0","2.0","7.912337662337662","0.0519480519480519","0.0129870129870129","0.672077922077922","0.0389610389610389","2.375","7.598159509202454","102.96266233766234","6.88599348534202","-2.0846905537459284","-0.7282163569184608","76.83918368494379","0.2134421769026216","0.5055555555555555","-0.0114903665683667","0.0118868365613681","-0.0043891422327135","0.0445747447350801","-0.0531329889082664","0.1786984760406095","0.0038964160775347","5.099629395571408e-06","0.0031381586301628","8","3","0","1","1.1297371068586315","11","56.3","49ers","https://a.espncdn.com/i/teamlogos/nfl/500/sf.png","#AA0000","#B3995D"
"Gardner Minshew","Gardner","Minshew","2022","2","0.1704630945155281","-0.5962725220814059","0.0200850144439971","12.0","0.0","160.0316631271251","13.974548013854914","https://static.www.nfl.com/image/private/f_auto,q_auto/league/zgbpnnvnrdk9bgmogp7j","PHI","00-0035289","4038524.0","1996-05-16","73.0","225.0","10.0","Washington State","00-0035289_2022","#10","83.0","75","44.0","28.0","3.0","3.0","663.0","6.0","-28.0","4","5.0","1.0","8.84","0.04","0.04","0.5866666666666667","0.0","1.25","6.91358024691358","84.47222222222223","9.56","-0.4133333333333333","-1.7784587400300138","5.912916520207756","0.067192233184179","0.4318181818181818","-0.054378409770032","0.018214038900931","0.0008342376815892","-0.091582132717772","0.2482190931221271","-0.0809878939562711","-0.0165292923452335","9.490700859816686e-06","0.001290593233738","2","2","0","0","0.1135722045689484","4","","Eagles","https://a.espncdn.com/i/teamlogos/nfl/500/phi.png","#004C54","#A5ACAF"
"Justin Fields","Justin","Fields","2022","15","0.067669766014277","-0.8947611615748576","1.4604196190996317","13.0","0.2","142.9301418393598","-3.126973273910376","https://static.www.nfl.com/image/private/f_auto,q_auto/league/wllk6sizrqmxhcjavard","CHI","00-0036945","4362887.0","1999-03-05","75.0","223.0","1.0","Ohio State","00-0036945_2022","#1","439.0","318","192.0","115.0","11.0","17.0","2242.0","55.0","-359.0","143","1143.0","8.0","7.050314465408805","0.0534591194968553","0.0345911949685534","0.6037735849056604","0.0188679245283018","7.993006993006993","4.632707774798928","85.1808176100629","9.09748427672956","-0.2327044025157232","-2.4824897300685604","6.813300082128043","0.0125706643581698","0.4483394833948339","0.113252491563656","-0.0588183542677971","0.0455461176438523","0.0085713485582204","-0.0111114096617071","-0.129759578715762","0.0014836822321273","1.326543759967665e-05","4.4642036121691545e-05","3","12","0","1","0.0241959835779568","15","56.3","Bears","https://a.espncdn.com/i/teamlogos/nfl/500/chi.png","#0B162A","#E64100"
"Matthew Stafford","John","Stafford","2022","9","0.0156705522487072","0.1216231214797324","-2.153392457187857","15.0","0.3333333333333333","106.47175006784047","-39.58536504542971","https://static.www.nfl.com/image/private/f_auto,q_auto/league/eteieq8zzws1fbcgzbip","LAR","00-0026498","12483.0","1988-02-07","75.0","220.0","9.0","Georgia","00-0026498_2022","#9","337.0","303","206.0","89.0","8.0","10.0","2087.0","29.0","-208.0","6","17.0","1.0","6.887788778877888","0.033003300330033","0.0264026402640264","0.6798679867986799","0.0066006600660065","2.833333333333333","5.177710843373494","87.43811881188118","6.66006600660066","-1.7821782178217822","-0.0766788433129698","-25.237626718837944","-0.0727309127344033","0.4726224783861671","-0.0282784948367088","-0.0581699126528208","0.0087226767560261","-0.0542813522755121","-0.0935957362886528","0.119584157622412","-0.010045050757693","-6.030186943416371e-05","-0.0006776130483649","3","6","0","0","-0.2351317277826307","9","52.3","Rams","https://a.espncdn.com/i/teamlogos/nfl/500/lar.png","#003594","#FFD100"
"Aaron Rodgers","Aaron","Rodgers","2022","17","-0.0630058301382666","-0.4768864903571932","-4.145308402210635","13.0","0.4705882352941176","136.03577138737202","-10.02134372589817","https://static.www.nfl.com/image/private/f_auto,q_auto/league/mee42twdk3qpcdotzdka","GB","00-0023459","8439.0","1983-12-02","74.0","225.0","12.0","California","00-0023459_2022","#12","585.0","540","350.0","178.0","12.0","26.0","3695.0","32.0","-258.0","17","110.0","1.0","6.842592592592593","0.0481481481481481","0.0222222222222222","0.6481481481481481","0.0259259259259259","6.470588235294118","5.973776223776224","91.3966049382716","8.03888888888889","-0.4444444444444444","0.5161489775547635","21.92727194505226","0.0352528487862576","0.4662379421221865","-0.0034464502469866","-0.0034163611111768","-0.0324413589974764","-0.0032002020516308","-0.0340314800959712","0.0480737857951706","0.0203123232254888","9.490700859816686e-06","0.0003033360847856","8","9","0","4","0.1886750447366469","17","41.3","Packers","https://a.espncdn.com/i/teamlogos/nfl/500/gb.png","#203731","#FFB612"
"Mitchell Trubisky","Mitchell","Trubisky","2022","5","-0.5414685070291102","0.2129301659483451","-1.430306682363307","18.0","0.4","81.58540928947745","-64.47170582379273","https://static.www.nfl.com/image/private/f_auto,q_auto/league/wx17o0eu4hffytrbdjgl","PIT","00-0033869","3039707.0","1994-08-20","74.0","215.0","10.0","North Carolina","00-0033869_2022","#10","194.0","179","117.0","57.0","5.0","4.0","1252.0","11.0","-68.0","14","43.0","2.0","6.994413407821229","0.0223463687150838","0.0279329608938547","0.6536312849162011","-0.0055865921787709","3.071428571428572","5.468421052631579","81.506052141527","9.776536312849162","0.8212290502793296","1.621632926208152","5.023295714218089","0.023473344458963","0.4626168224299065","-0.0167271274396659","0.0319641868059388","0.0248658806908642","-0.0141287937150507","0.0909649318123324","-0.1229062647708379","-0.0141089134646477","0.0001563429720494","0.0038708636247907","3","4","0","1","0.8283648157052184","7","58.5","Steelers","https://a.espncdn.com/i/teamlogos/nfl/500/pit.png","#000000","#FFB612"
"Jameis Winston","Jameis","Winston","2022","3","-0.6438248006491812","0.1138351519079901","-0.8443092505306834","22.0","0.3333333333333333","72.75102890334279","-73.30608620992739","https://static.www.nfl.com/image/private/f_auto,q_auto/league/dccgvojszpt06iwtmgv7","NO","00-0031503","2969939.0","1994-01-06","76.0","231.0","2.0","Florida State","00-0031503_2022","#2","127.0","113","73.0","35.0","5.0","4.0","858.0","11.0","-74.0","3","11.0","0.0","7.592920353982301","0.0353982300884955","0.0442477876106194","0.6460176991150443","-0.0088495575221238","3.6666666666666665","5.153225806451613","80.91814159292035","11.68141592920354","2.5486725663716814","2.8112604140161435","-15.110124622074128","-0.1127621240453293","0.4552238805970149","-0.042282951286842","0.0039660769470297","0.0267740201793103","-0.089462790665469","0.1679655706820155","-0.2026538376182139","-0.0204708045520001","9.490700859816686e-06","2.141230917000385e-05","1","2","0","1","0.0028692494287805","3","","Saints","https://a.espncdn.com/i/teamlogos/nfl/500/no.png","#D3BC8D","#000000"
"Derek Carr","Derek","Carr","2022","15","-0.9019929965900468","-0.8351378151367822","-0.9175804532149864","17.0","0.4","130.00767183861333","-16.049443274656873","https://static.www.nfl.com/image/private/f_auto,q_auto/league/l1eqjrajbnisr91dmlcl","OAK","00-0031280","16757.0","1991-03-28","75.0","210.0","4.0","Fresno State","00-0031280_2022","#4","543.0","502","305.0","183.0","14.0","24.0","3522.0","27.0","-191.0","18","106.0","0.0","7.01593625498008","0.047808764940239","0.0278884462151394","0.6075697211155379","0.0199203187250996","5.888888888888889","6.013232514177694","86.26328021248341","9.133466135458168","-0.3286852589641434","-3.0392637468531576","40.70630694802046","0.0709169110592691","0.4320557491289198","-0.0198564220746768","0.0282439173937079","-0.0314198440834495","-0.0247939976308458","0.0640486007506788","-0.0026076100465182","0.0139444742641119","-3.5309081719318504e-05","0.0019897965617764","6","9","0","4","1.1421432264596811","15","57.6","Raiders","https://a.espncdn.com/i/teamlogos/nfl/500/lv.png","#000000","#A5ACAF"
"Colt McCoy","Daniel","McCoy","2022","3","-0.9040536485356324","-0.6377350506921198","-0.6953835070051685","20.0","0.3333333333333333","84.36946288278405","-61.68765223048613","https://static.www.nfl.com/image/private/f_auto,q_auto/league/mvcoi7f6thyudufnh0dx","ARI","00-0027688","13199.0","1986-09-05","73.0","212.0","12.0","Texas","00-0027688_2022","#12","153.0","132","90.0","39.0","3.0","1.0","780.0","13.0","-97.0","11","37.0","0.0","5.909090909090909","0.0075757575757575","0.0227272727272727","0.6818181818181818","-0.0151515151515151","3.363636363636364","3.9172413793103447","76.57828282828282","6.068181818181818","-2.810606060606061","-0.2532497394916654","-31.88766914824048","-0.1932586008984271","0.4","-0.018087069658267","-0.0200016545579396","-0.0227322912304948","0.0028351331707501","-0.1252409452417145","-0.0586267942319004","0.005192428582299","9.490700859816686e-06","-0.0021935738183185","1","3","0","0","-0.361939680022565","4","","Cardinals","https://a.espncdn.com/i/teamlogos/nfl/500/ari.png","#97233F","#000000"
"Marcus Mariota","Marcus","Mariota","2022","13","-0.9186532062148473","-0.2015770362772974","0.4623325913571699","23.0","0.3846153846153846","130.4639656246481","-15.593149488622084","https://static.www.nfl.com/image/private/f_auto,q_auto/league/sd59iwjj69atxaqjti1r","ATL","00-0032268","2576980.0","1993-10-30","76.0","222.0","1.0","Oregon","00-0032268_2022","#1","351.0","296","184.0","103.0","9.0","15.0","2219.0","28.0","-195.0","73","445.0","4.0","7.496621621621622","0.0506756756756756","0.0304054054054054","0.6216216216216216","0.0202702702702702","6.095890410958904","5.922839506172839","89.34403153153153","10.489864864864863","1.5135135135135136","-0.6408281161867307","15.939304195927363","0.0385007347727714","0.4903381642512077","0.0077540477683843","-0.0131488678753584","0.0306034418625104","-0.0040078274758515","0.0700977839961149","-0.0985945750267593","0.0023866889830472","1.694097270306089e-05","0.0013971666795608","5","8","0","0","0.5784270053382026","13","57.7","Falcons","https://a.espncdn.com/i/teamlogos/nfl/500/atl.png","#A71930","#000000"
"Ryan Tannehill","Ryan","Tannehill","2022","12","-1.005827297861659","-0.48634665681483","-0.8247170789529826","21.0","0.5","115.95895294006874","-30.098162173201445","https://static.www.nfl.com/image/private/f_auto,q_auto/league/ns30g7th6gkhjaeoivgj","TEN","00-0029701","14876.0","1988-07-27","76.0","207.0","17.0","Texas A&amp;M","00-0029701_2022","#17","370.0","324","212.0","106.0","6.0","13.0","2536.0","33.0","-238.0","22","109.0","2.0","7.827160493827161","0.0401234567901234","0.0185185185185185","0.654320987654321","0.0216049382716049","4.954545454545454","6.408963585434174","94.88168724279836","7.783950617283951","-1.0740740740740742","0.734492421902314","29.431404322118723","0.0733950232471788","0.4788029925187032","-0.0007423929548066","-0.0390865760498209","0.0017889919619037","0.0088619990017062","0.0386770459301174","0.0330394169361593","-0.0125509091775546","1.4346031493814692e-05","0.0032604702780632","6","6","0","1","1.3074485815033805","12","51.2","Titans","https://a.espncdn.com/i/teamlogos/nfl/500/ten.png","#002244","#4B92DB"
"Teddy Bridgewater","Theodore","Bridgewater","2022","2","-1.3325082096826677","0.0069096692090431","-0.6623231254082538","15.0","0.0","38.1466873976623","-107.9104277156079","https://static.www.nfl.com/image/private/f_auto,q_auto/league/q5p8afhezmpvc1xbwibf","MIA","00-0031237","16728.0","1992-11-10","74.0","215.0","5.0","Louisville","00-0031237_2022","#5","89.0","79","49.0","26.0","4.0","4.0","683.0","7.0","-45.0","3","27.0","0.0","8.645569620253164","0.050632911392405","0.050632911392405","0.620253164556962","0.0","9.0","6.255813953488372","85.57489451476795","8.91139240506329","-0.7215189873417721","1.5612341364224729","-2.417515898127809","-0.0268612877569756","0.4777777777777778","0.0059524267481871","-0.0095322915084884","-0.0376783492365302","-0.1107447742815658","0.1343200236545265","-0.0248376197976168","-0.0277432956043285","9.490700859816686e-06","-0.0035959266697876","1","4","0","0","-0.3236334002808869","5","","Dolphins","https://a.espncdn.com/i/teamlogos/nfl/500/mia.png","#008E97","#F58220"
"Brian Hoyer","Brian","Hoyer","2022","1","-1.3863586015814298","-0.3985022654765294","-0.3985022654765294","24.0","0.0","21.735140341515148","-124.32197477175504","https://static.www.nfl.com/image/private/f_auto,q_auto/league/u0xo8skri7jc8abzzdts","NE","00-0026625","12477.0","1985-10-13","74.0","215.0","5.0","Michigan State","00-0026625_2022","#5","7.0","6","5.0","1.0","0.0","0.0","37.0","1.0","-8.0","0","0.0","0.0","6.166666666666667","0.0","0.0","0.8333333333333334","0.0","","4.142857142857143","92.36111111111111","4.666666666666667","-2.5","12.9522110025088","-2.12652387350422","-0.3037891247863171","0.4285714285714285","-0.0314946839162228","-0.2577618924365246","0.134940452761603","0.0824836773945317","-0.4728474793238949","0.2156569376338457","-0.0181687291684965","9.490700859816686e-06","-0.0058625468185969","0","1","0","0","-0.0410378277301789","1","","Patriots","https://a.espncdn.com/i/teamlogos/nfl/500/ne.png","#002244","#C60C30"
"Trevor Siemian","Trevor","Siemian","2022","1","-1.3964771083385636","-0.275375439792985","-0.275375439792985","25.0","0.0","49.185713451384174","-96.871401661886","https://static.www.nfl.com/image/private/f_auto,q_auto/league/vmksfbms9zefxezf39sb","CHI","00-0032156","2511109.0","1991-12-26","75.0","220.0","15.0","Northwestern","00-0032156_2022","#15","29.0","26","15.0","10.0","1.0","1.0","184.0","2.0","-14.0","3","9.0","0.0","7.076923076923077","0.0384615384615384","0.0384615384615384","0.5769230769230769","0.0","3.0","5.178571428571429","76.44230769230768","6.576923076923077","-1.5384615384615383","-5.7814369201660325","-8.02091009840423","-0.2587390354323945","0.3548387096774194","-0.0594469021717317","-0.0084830784422115","-0.1667962854351672","-0.0678417081136256","-0.1042627163296823","0.1228577919596803","-0.0181687291684965","9.490700859816686e-06","0.0044566994777754","0","2","0","0","0.138157683811039","2","","Bears","https://a.espncdn.com/i/teamlogos/nfl/500/chi.png","#0B162A","#E64100"
"Taylor Heinicke","Taylor","Heinicke","2022","9","-1.4343125632938996","0.0052286912513341","0.635381396050908","20.0","0.5555555555555556","121.51253184746844","-24.54458326580174","https://static.www.nfl.com/image/private/f_auto,q_auto/league/zunxw11biqseswegsjtg","WAS","00-0031800","2565969.0","1993-03-15","73.0","210.0","4.0","Old Dominion","00-0031800_2022","#4","289.0","257","161.0","90.0","6.0","12.0","1859.0","19.0","-141.0","22","103.0","1.0","7.233463035019455","0.046692607003891","0.0233463035019455","0.6264591439688716","0.0233463035019455","4.681818181818182","6.115942028985507","90.2642671854734","8.303501945525293","-0.2373540856031128","1.6467996646837908","-9.254004643248786","-0.02994823509142","0.4530744336569579","-0.0378338334592332","-0.04712263211223","-0.0261488550182664","-0.0118920509592177","0.0568117090092679","-0.0058715350705205","-0.0010457321875015","-0.0002384068616989","-0.0002590484507076","5","3","1","3","-0.0800459712686747","9","","Commanders","https://a.espncdn.com/i/teamlogos/nfl/500/wsh.png","#5A1414","#FFB612"
"Mac Jones","Michael","Jones","2022","14","-1.4463901428193031","0.1883205805074129","-1.345571220017178","14.0","0.4285714285714285","96.39754354766562","-49.65957156560456","https://static.www.nfl.com/image/private/f_auto,q_auto/league/hhexcwf5oe7onhlemzq9","NE","00-0036972","4241464.0","1998-09-05","75.0","214.0","10.0","Alabama","00-0036972_2022","#10","494.0","440","288.0","141.0","11.0","14.0","2997.0","34.0","-231.0","29","132.0","1.0","6.8113636363636365","0.0318181818181818","0.025","0.6545454545454545","0.0068181818181818","4.551724137931035","5.381856540084388","85.19886363636363","7.85","-1.2613636363636365","-0.4455290031882941","-27.14859145447691","-0.0516132917385492","0.4087452471482889","-0.0153635398870217","-0.0130872781574912","0.0001151606308048","-0.000280701341023","-0.0576537523114656","9.256602970536544e-05","-0.0088393414466943","1.0493176656190067e-05","-2.349673689366436e-05","6","8","0","1","-0.0123592836060674","14","38.4","Patriots","https://a.espncdn.com/i/teamlogos/nfl/500/ne.png","#002244","#C60C30"
"Matt Ryan","Matthew","Ryan","2022","12","-1.513538996139668","-0.3800139419184228","-0.4086432233847205","23.0","0.3333333333333333","106.83305656503468","-39.224058548235504","https://static.www.nfl.com/image/private/f_auto,q_auto/league/s6zam4ekrrnonsck6vak","IND","00-0026143","11237.0","1985-05-17","76.0","217.0","2.0","Boston College","00-0026143_2022","#2","508.0","460","309.0","138.0","13.0","14.0","3057.0","38.0","-287.0","18","77.0","1.0","6.645652173913043","0.0304347826086956","0.0282608695652173","0.6717391304347826","0.0021739130434782","4.277777777777778","4.949799196787149","84.1213768115942","6.006521739130434","-2.9130434782608696","-0.094438685371554","-33.97819401175951","-0.0631564944456496","0.4442379182156133","-0.0254718776669071","-0.0297838067458644","0.0278706419169313","-0.0380163543700232","-0.0399490376346821","0.0080629694401303","-0.0092716216540744","9.490700859816686e-06","0.0027934933968581","4","7","1","2","1.502899447509704","12","44.9","Colts","https://a.espncdn.com/i/teamlogos/nfl/500/ind.png","#002C5F","#a5acaf"
"Sam Darnold","Sam","Darnold","2022","6","-1.5418818581076856","-0.9113523172777912","0.6574528604961444","15.0","0.6666666666666666","134.56559135682772","-11.491523756442469","https://static.www.nfl.com/image/private/f_auto,q_auto/league/rmjuft9a2mmkka1steof","CAR","00-0034869","3912547.0","1997-06-05","75.0","225.0","14.0","Southern California","00-0034869_2022","#14","156.0","137","82.0","52.0","3.0","7.0","1143.0","10.0","-78.0","21","109.0","2.0","8.343065693430656","0.0510948905109489","0.0218978102189781","0.5985401459854015","0.0291970802919708","5.190476190476191","7.27891156462585","94.63199513381996","8.124087591240876","-0.5182481751824818","4.839835247071846","34.97234051849844","0.1953762040139577","0.4916201117318435","0.014419916213336","0.0260987981951151","-0.0011849654644147","0.0202011330698837","0.0674575007560178","0.0155859406014189","0.0093952883737602","9.490700859816686e-06","0.0026255797930304","4","2","0","1","0.4699787829524547","6","","Panthers","https://a.espncdn.com/i/teamlogos/nfl/500-dark/car.png","#0085CA","#000000"
"Joe Flacco","Joseph","Flacco","2022","4","-1.5879840731499355","-0.2464368814009839","-0.1553943790275326","16.0","0.25","106.57706998623829","-39.48004512703192","https://static.www.nfl.com/image/private/f_auto,q_auto/league/zg6azyjniovtgb7vdssz","NYJ","00-0026158","11252.0","1985-01-16","78.0","245.0","19.0","Delaware","00-0026158_2022","#19","202.0","191","110.0","78.0","3.0","5.0","1051.0","10.0","-66.0","2","7.0","0.0","5.50261780104712","0.0261780104712041","0.0157068062827225","0.5759162303664922","0.0104712041884816","3.5","4.72636815920398","75.18542757417103","7.947643979057592","-1.2146596858638743","-4.060440404074532","-26.565022883010357","-0.1247184172911284","0.3990610328638497","-0.0305603448200346","-0.0209830873823687","-0.0905845811254011","0.0192790437691304","0.0176355624180432","-0.0606394435244255","-0.0022681588949124","9.490700859816686e-06","-0.0020081357161208","1","4","0","1","-0.4277329075337386","5","","Jets","https://a.espncdn.com/i/teamlogos/nfl/500/nyj.png","#003F2D","#000000"
"Russell Wilson","Russell","Wilson","2022","15","-1.6743390235891549","0.4794941803630093","-2.3955005553511115","17.0","0.2666666666666666","81.44830589403743","-64.60880921923277","https://static.www.nfl.com/image/private/f_auto,q_auto/league/gebzv2aljujgleboe4ns","DEN","00-0029263","14881.0","1988-11-29","71.0","215.0","3.0","Wisconsin","00-0029263_2022","#3","565.0","482","292.0","179.0","11.0","16.0","3524.0","55.0","-368.0","46","284.0","3.0","7.311203319502074","0.0331950207468879","0.0228215767634854","0.6058091286307054","0.0103734439834024","6.173913043478261","5.5512104283054","84.58679114799446","8.844398340248963","-0.6058091286307054","-1.118619868014879","-0.6646036480051175","-0.0010650699487261","0.4102564102564102","0.0047545723290919","-0.0499593960418953","0.0005855451156993","0.0051703456116012","-0.0102708861327106","-0.0288707961359909","0.0340642695771627","6.817416033517838e-05","-0.0011136184938012","4","11","0","2","-0.6948979401319537","15","38.7","Broncos","https://a.espncdn.com/i/teamlogos/nfl/500/den.png","#002244","#FB4F14"
"Andy Dalton","Andrew","Dalton","2022","14","-1.7491366698292508","-0.0302138798837313","0.5764863627022493","18.0","0.4285714285714285","120.14917509250247","-25.9079400207677","https://static.www.nfl.com/image/private/f_auto,q_auto/league/yhkh8vtc5ocjo3iyn9ug","NO","00-0027973","14012.0","1987-10-29","74.0","220.0","14.0","Texas Christian","00-0027973_2022","#14","414.0","378","252.0","117.0","9.0","18.0","2871.0","25.0","-189.0","17","65.0","0.0","7.595238095238095","0.0476190476190476","0.0238095238095238","0.6666666666666666","0.0238095238095238","3.823529411764706","6.543424317617866","95.23809523809524","7.85978835978836","-0.7777777777777778","0.7094226736616337","7.659677588322941","0.0176084542260297","0.4942528735632184","-0.0344331948292465","-0.0090512074295776","-0.0131247926279224","-0.0203709806950945","0.0316268926182509","0.0314985430197574","-0.0118732073496993","-5.6700048418539634e-05","-0.0004535538254808","6","8","0","1","-0.1972959140841511","14","53.1","Saints","https://a.espncdn.com/i/teamlogos/nfl/500/no.png","#D3BC8D","#000000"
"Davis Mills","Davis","Mills","2022","15","-1.8023936523594384","0.2964642739699792","-1.3438070000704618","19.0","0.2","84.65664843978979","-61.40046667348039","https://static.www.nfl.com/image/private/f_auto,q_auto/league/objv34ak0xhzjvixm5sr","HOU","00-0036898","4242546.0","1998-10-21","76.0","225.0","10.0","Stanford","00-0036898_2022","#10","526.0","478","292.0","171.0","15.0","17.0","3118.0","31.0","-244.0","23","117.0","2.0","6.523012552301255","0.0355648535564853","0.0313807531380753","0.6108786610878661","0.00418410041841","5.086956521739131","4.988212180746562","78.94874476987447","7.7426778242677825","-1.315899581589958","-3.841447949280749","-58.63739011205768","-0.1041516698260349","0.38898756660746","-0.0266523063861629","-0.0081672195939451","-0.0263713323730177","-0.0413615476520968","-0.06354282957295","0.0137919309927834","0.0047418279419822","1.6705249391736402e-05","-0.0025091147625929","3","11","1","1","-1.412631611339824","15","35.0","Texans","https://a.espncdn.com/i/teamlogos/nfl/500/hou.png","#03202F","#A71930"
"Trey Lance","Trey","Lance","2022","2","-1.81591392808502","-0.3669358815620609","-0.7666477125895063","28.0","0.5","18.99809776435116","-127.05901734891904","https://static.www.nfl.com/image/private/f_auto,q_auto/league/q4iahwof4dq9xf3vqdcb","SF","00-0037012","4383351.0","2000-05-09","76.0","226.0","5.0","North Dakota State","00-0037012_2022","#5","37.0","31","15.0","15.0","1.0","0.0","194.0","2.0","-9.0","16","67.0","0.0","6.258064516129032","0.0","0.032258064516129","0.4838709677419355","-0.032258064516129","4.1875","4.242424242424242","55.04032258064516","6.67741935483871","-1.903225806451613","-17.329450825165065","-6.9722499397966615","-0.1367107831332678","0.392156862745098","0.0639966013906624","0.032396222852364","-0.0350119445065205","-0.019159309869478","0.0492560823134443","-0.2119204709673762","-0.0596705566152038","9.490700859816686e-06","-0.0012071792985878","1","1","0","0","-0.0615661442279815","2","","49ers","https://a.espncdn.com/i/teamlogos/nfl/500/sf.png","#AA0000","#B3995D"
"Kenny Pickett","Kenny","Pickett","2022","12","-1.832221426908777","0.0502286664822486","-0.16140082237797","20.0","0.5833333333333334","101.94268657105526","-44.11442854221492","https://static.www.nfl.com/image/private/f_auto,q_auto/league/vbabaquryx2jw1uahay2","PIT","00-0038102","4240703.0","1998-06-06","75.0","220.0","8.0","Pittsburgh","00-0038102_2022","#8","443.0","388","245.0","134.0","9.0","7.0","2404.0","27.0","-182.0","48","244.0","3.0","6.195876288659794","0.018041237113402","0.0231958762886597","0.6314432989690721","-0.0051546391752577","5.083333333333333","4.715662650602409","76.86855670103093","7.528350515463917","-1.4510309278350515","0.7385509164352738","17.089725813684037","0.0345945866673765","0.4615384615384615","0.0072559529684111","0.0137883607905667","-0.0046803748359875","0.0231282145303537","-0.0171627500433557","-0.0307122054846136","-0.0004252035268382","9.490700859816686e-06","0.0026744346266325","7","6","0","2","1.3211707055564956","13","53.6","Steelers","https://a.espncdn.com/i/teamlogos/nfl/500/pit.png","#000000","#FFB612"
"Davis Webb","Davis","Webb","2022","1","-2.025532044545565","0.8604541599852422","0.8604541599852422","21.0","0.0","289.02099999631054","142.96388488304035","https://static.www.nfl.com/image/private/f_auto,q_auto/league/rxvilxbyuvwvorzzxhxf","NYG","00-0033550","3052600.0","1995-01-22","77.0","225.0","12.0","California","00-0033550_2022","#12","42.0","40","23.0","17.0","0.0","1.0","168.0","0.0","0.0","6","41.0","1.0","4.2","0.025","0.0","0.575","0.025","6.833333333333333","4.7","75.83333333333333","5.1","-3.875","-6.994058034921944","5.359417554508342","0.1165090772719204","0.4130434782608695","0.117977991960945","0.1022758465197197","-0.064846360011212","0.0824836773945317","-0.1656274994558156","0.0190115577634078","-0.0181687291684965","9.490700859816686e-06","-0.0018972980459012","0","1","0","0","-0.0872757101114589","1","76.9","Giants","https://a.espncdn.com/i/teamlogos/nfl/500/nyg.png","#0B2265","#A71930"
"Carson Wentz","Carson","Wentz","2022","7","-2.1272748540082644","-0.6564900266268006","-1.2636109161980278","20.0","0.2857142857142857","78.50848805515452","-67.54862705811567","https://static.www.nfl.com/image/private/f_auto,q_auto/league/indtay8ngoq8ubhhydbp","WAS","00-0032950","2573079.0","1992-12-30","77.0","237.0","11.0","North Dakota State","00-0032950_2022","#11","314.0","276","172.0","95.0","9.0","11.0","1755.0","26.0","-159.0","16","86.0","1.0","6.358695652173913","0.0398550724637681","0.0326086956521739","0.6231884057971014","0.0072463768115942","5.375","4.672185430463577","80.20833333333334","7.778985507246377","-1.039855072463768","-3.710624978498176","-18.53666140411448","-0.0554989862398637","0.4191616766467065","-0.0068319803214458","-0.037239081584282","-0.0101814988056978","-0.010337774415707","-0.0847554589927675","0.0371199874893398","0.0133242281218567","9.490700859816686e-06","-0.0016842826536755","2","6","0","1","-0.5625504063276248","8","34.4","Commanders","https://a.espncdn.com/i/teamlogos/nfl/500/wsh.png","#5A1414","#FFB612"
"Nick Foles","Nick","Foles","2022","2","-2.2479799248721006","-0.4874182582545205","-2.0146072328900027","22.0","0.0","-130.69296848047586","-276.750083593746","https://static.www.nfl.com/image/private/f_auto,q_auto/league/dxuz2ir773wylutxo7zs","IND","00-0029567","14877.0","1989-01-20","78.0","243.0","9.0","Arizona","00-0029567_2022","#9","51.0","42","25.0","13.0","4.0","0.0","224.0","8.0","-48.0","2","8.0","0.0","5.333333333333333","0.0","0.0952380952380952","0.5952380952380952","-0.0952380952380952","4.0","-0.08","34.32539682539682","8.166666666666666","-0.5476190476190477","-8.23449877704063","-35.91766970757752","-0.6651420316218059","0.3333333333333333","-0.110302938922644","-0.1091062589158871","-0.030484307965297","-0.3109456979388521","-0.0480352616523292","-0.1279681515082928","0.0282979930126564","9.490700859816686e-06","-0.0117136279308183","0","2","0","0","-0.6325359082641925","2","","Colts","https://a.espncdn.com/i/teamlogos/nfl/500/ind.png","#002C5F","#a5acaf"
"Kyle Allen","Kyle","Allen","2022","2","-2.262073551504528","-0.2606747916832819","-0.8538487437744067","28.0","0.0","-3.2942724529233782","-149.35138756619358","https://static.www.nfl.com/image/private/f_auto,q_auto/league/knnqfa5aerjydk4am47o","HOU","00-0034577","3115293.0","1996-03-08","75.0","211.0","3.0","Houston","00-0034577_2022","#3","85.0","78","46.0","28.0","4.0","2.0","416.0","5.0","-41.0","5","13.0","0.0","5.333333333333333","0.0256410256410256","0.0512820512820512","0.5897435897435898","-0.0256410256410256","2.6","2.8313253012048194","60.630341880341874","7.089743589743589","-1.871794871794872","-9.250994722048446","-43.66977213838312","-0.4852196904264791","0.3444444444444444","-0.0778309851648727","0.0194476354338488","-0.0607106879920723","-0.1557413461399535","-0.1875562005733849","-0.0461652586345565","-0.020065439624328","9.490700859816686e-06","-0.0104551423957313","0","2","0","0","-0.9409628156158236","2","","Texans","https://a.espncdn.com/i/teamlogos/nfl/500/hou.png","#03202F","#A71930"
"Desmond Ridder","Desmond","Ridder","2022","4","-2.2634815573386744","0.4565237864254851","0.3867262471921333","22.0","0.5","100.18043403545208","-45.87668107781812","https://static.www.nfl.com/image/private/f_auto,q_auto/league/rebdm2dseuoscrqpzbpv","ATL","00-0038122","4239086.0","1999-08-31","75.0","215.0","4.0","Cincinnati","00-0038122_2022","#4","135.0","115","73.0","42.0","0.0","2.0","708.0","9.0","-33.0","13","64.0","0.0","6.156521739130435","0.017391304347826","0.0","0.6347826086956522","0.017391304347826","4.923076923076923","5.766129032258065","86.43115942028986","8.069565217391304","-0.6434782608695652","-1.0200280492956022","-7.484406937430714","-0.0519750481766021","0.4097222222222222","-0.0495976885881293","-0.0021141245995271","-0.0504061867005109","0.0824836773945317","0.0696470051388629","-0.1361067592421256","-0.0093049139068245","3.0840759140524324e-05","-0.0019388708763518","2","2","0","0","-0.279197406194667","4","52.0","Falcons","https://a.espncdn.com/i/teamlogos/nfl/500/atl.png","#A71930","#000000"
"Bailey Zappe","Bailey","Zappe","2022","2","-2.742028576553848","0.8221966407084988","1.05079762797696","23.0","1.0","185.44367583797631","39.38656072470613","https://static.www.nfl.com/image/private/f_auto,q_auto/league/iwpeibkv4p0ad6mxgjrq","NE","00-0038108","","1999-04-26","73.0","220.0","4.0","Western Kentucky","00-0038108_2022","#4","99.0","92","65.0","24.0","3.0","5.0","781.0","6.0","-40.0","2","10.0","0.0","8.48913043478261","0.0543478260869565","0.0326086956521739","0.7065217391304348","0.0217391304347826","5.0","7.204081632653061","100.86050724637684","6.782608695652174","-2.239130434782609","5.75303696095944","12.660840837031303","0.1150985530639209","0.4818181818181818","-0.0372053821988044","-0.0248509421923022","0.0230819952590257","-0.0292524956675455","-0.0008309446015846","0.107977007187664","0.032776723008628","9.490700859816686e-06","0.0036582291277655","2","2","0","0","0.4024052040542067","4","","Patriots","https://a.espncdn.com/i/teamlogos/nfl/500/ne.png","#002244","#C60C30"
"Jarrett Stidham","Jarrett","Stidham","2022","2","-2.7727687762679443","-0.246782250737038","0.9475102282628632","23.0","0.0","186.41757452035677","40.36045940708654","https://static.www.nfl.com/image/private/f_auto,q_auto/league/legjd2mdbnsjj9pln4sn","OAK","00-0035264","3892775.0","1996-08-08","75.0","214.0","3.0","Auburn","00-0035264_2022","#3","101.0","83","53.0","27.0","3.0","4.0","656.0","7.0","-47.0","13","84.0","0.0","7.903614457831325","0.0481927710843373","0.036144578313253","0.6385542168674698","0.0120481927710843","6.461538461538462","6.155555555555556","89.23192771084337","9.19277108433735","0.1204819277108433","1.5498789428155684","3.289233070933485","0.0301764501920503","0.5137614678899083","0.0238579089251019","-0.0143956790972212","-0.0173870071584154","-0.0651654080291209","0.0649341386946347","-0.0087905822353607","0.003720486823592","9.490700859816686e-06","-0.0006474208939094","0","3","0","0","-0.0705688774361293","3","59.7","Raiders","https://a.espncdn.com/i/teamlogos/nfl/500/lv.png","#000000","#A5ACAF"
"Brock Purdy","Brock","Purdy","2022","5","-2.938196120437438","0.263950302291704","2.9040884840933696","24.0","1.0","184.46664129452512","38.40952618125495","https://static.www.nfl.com/image/private/f_auto,q_auto/league/hdwbdlyiose4znenx5ed","SF","00-0037834","","1999-12-27","73.0","212.0","13.0","Iowa State","00-0037834_2022","#13","187.0","170","114.0","52.0","4.0","13.0","1374.0","11.0","-84.0","11","25.0","1.0","8.08235294117647","0.0764705882352941","0.0235294117647058","0.6705882352941176","0.0529411764705882","2.272727272727273","7.569060773480663","107.32843137254902","6.570588235294117","-2.294117647058824","-0.8998942662434429","40.36612034642559","0.195952040516629","0.4951456310679611","-0.0288811868713904","0.0058879641604717","0.04655378027226","0.0176861949545255","0.014845974827412","0.0987291977933936","-0.0022724768888836","9.490700859816686e-06","0.0070009646824774","7","1","0","1","1.442198724590347","8","","49ers","https://a.espncdn.com/i/teamlogos/nfl/500/sf.png","#AA0000","#B3995D"
"Mike White","Michael","White","2022","4","-3.0011810093862823","-0.7544657516348405","0.7028322153635276","25.0","0.25","121.71154399417183","-24.345571119098352","https://static.www.nfl.com/image/private/f_auto,q_auto/league/reohqnlwihiqiyh8iw72","NYJ","00-0034401","3051381.0","1995-03-25","77.0","225.0","5.0","Western Kentucky","00-0034401_2022","#5","185.0","175","103.0","68.0","4.0","3.0","1192.0","9.0","-76.0","4","10.0","1.0","6.811428571428571","0.0171428571428571","0.0228571428571428","0.5885714285714285","-0.0057142857142857","2.5","5.413043478260869","75.70238095238095","7.445714285714286","-1.7771428571428571","-6.184591097239206","-4.401947832691366","-0.0230468472915778","0.4293193717277487","-0.0180087086205738","0.040561996954327","-0.0974479833425623","-0.0113949835169454","0.0569296429797013","-0.0223243285615921","-0.0147650754527727","9.490700859816686e-06","-0.00088120105612","1","3","0","0","-0.1683094017189363","4","","Jets","https://a.espncdn.com/i/teamlogos/nfl/500/nyj.png","#003F2D","#000000"
"Sam Howell","Sam","Howell","2022","1","-3.486040330609399","0.4337434739214086","0.4337434739214086","25.0","1.0","156.49838848035216","10.441273367081976","https://static.www.nfl.com/image/private/f_auto,q_auto/league/isnhunoyyk2agpiqgxuj","WAS","00-0037077","4426875.0","2000-11-16","73.0","225.0","14.0","North Carolina","00-0037077_2022","#14","25.0","19","11.0","7.0","1.0","1.0","169.0","3.0","-11.0","4","36.0","1.0","8.894736842105264","0.0526315789473684","0.0526315789473684","0.5789473684210527","0.0","9.0","6.045454545454546","83.00438596491229","8.421052631578947","0.0","-4.900194704532629","0.3850622423719785","0.0132780083576544","0.4482758620689655","0.159087433819956","-0.0318805032109285","-0.052734438252311","-0.1229131794792623","-0.0688395150860125","0.0253255417443214","0.0618300765530508","9.490700859816686e-06","0.0008675756076193","1","0","0","0","0.0251596926209608","1","","Commanders","https://a.espncdn.com/i/teamlogos/nfl/500/wsh.png","#5A1414","#FFB612"
"Joshua Dobbs","Robert","Dobbs","2022","2","-3.597774275378563","-0.0138362496466061","0.1587783291522441","26.0","0.0","74.14827337901626","-71.90884173425391","https://static.www.nfl.com/image/private/f_auto,q_auto/league/srtjkedldovmoxqdclaa","TEN","00-0033949","3044720.0","1995-01-26","75.0","216.0","11.0","Tennessee","00-0033949_2022","#11","77.0","68","40.0","26.0","2.0","2.0","411.0","6.0","-26.0","8","44.0","0.0","6.044117647058823","0.0294117647058823","0.0294117647058823","0.5882352941176471","0.0","5.5","4.527027027027027","73.83578431372548","7.720588235294118","-0.8235294117647058","-1.3028231950906537","-8.598236336669608","-0.1035932088755374","0.4216867469879518","-0.0099581674950288","-0.1068931112724992","-0.0687991444934253","0.0028364117351446","-0.0306633324001262","0.1016518461765069","-0.0351703033949496","9.490700859816686e-06","-0.0072215808993531","0","2","0","0","-0.5993912146463094","2","52.8","Titans","https://a.espncdn.com/i/teamlogos/nfl/500/ten.png","#002244","#4B92DB"
"Zach Wilson","Zachary","Wilson","2022","9","-3.809582897132161","-0.8208851840951968","-1.2425461231015986","29.0","0.5555555555555556","44.55489696702523","-101.50221814624496","https://static.www.nfl.com/image/private/f_auto,q_auto/league/gr2wm3rg1bcgtpj58i7l","NYJ","00-0037013","4361259.0","1999-08-03","74.0","208.0","2.0","Brigham Young","00-0037013_2022","#2","278.0","242","132.0","103.0","7.0","6.0","1688.0","23.0","-175.0","20","110.0","1.0","6.975206611570248","0.024793388429752","0.0289256198347107","0.5454545454545454","-0.0041322314049586","5.5","4.973584905660378","72.8133608815427","9.008264462809915","-0.4586776859504132","-5.621217717142664","-26.96599390264361","-0.0914101488225207","0.3932203389830508","-0.0141212377390695","-0.0266974083809672","-0.0785380196295365","-0.0150061774699523","0.050215535713904","-0.0464624482374336","-0.0042029853483056","9.490700859816686e-06","-0.0017345813789159","5","4","0","2","-0.5117015067802002","9","","Jets","https://a.espncdn.com/i/teamlogos/nfl/500/nyj.png","#003F2D","#000000"
"Baker Mayfield","Baker","Mayfield","2022","11","-3.821979042619745","-0.6268097424862947","-1.6003262532497324","27.0","0.2727272727272727","34.628266151987184","-111.428848961283","https://static.www.nfl.com/image/private/f_auto,q_auto/league/aztmh1hzf253ntkzjgkn","LAR","00-0034855","3052587.0","1995-04-14","73.0","215.0","17.0","Oklahoma","00-0034855_2022","#17","385.0","334","201.0","125.0","8.0","10.0","2163.0","36.0","-217.0","21","94.0","1.0","6.476047904191617","0.029940119760479","0.0239520958083832","0.6017964071856288","0.0059880239520958","4.476190476190476","4.827027027027027","79.21656686626747","6.799401197604791","-2.3592814371257487","-7.031345385942404","-48.66962133901344","-0.1181301488811005","0.3713592233009709","-0.0287475484959439","-0.0485858502979205","-0.0114466021417824","0.0104489332200001","-0.043126641650837","-0.0389813741906715","-0.0010528701499629","-3.12967419625906e-05","-0.0030652103925721","3","9","0","1","-1.262866681739736","12","26.3","Rams","https://a.espncdn.com/i/teamlogos/nfl/500/lar.png","#003594","#FFD100"
"Tyler Huntley","Tyler","Huntley","2022","4","-3.832359041002168","0.2643527539133981","0.155893879837979","29.0","0.5","54.62968045244894","-91.42743466082123","https://static.www.nfl.com/image/private/f_auto,q_auto/league/nlcdo3v59eznspvifbas","BAL","00-0035993","4035671.0","1998-02-03","73.0","205.0","2.0","Utah","00-0035993_2022","#2","132.0","110","75.0","32.0","3.0","2.0","658.0","7.0","-34.0","37","141.0","1.0","5.9818181818181815","0.0181818181818181","0.0272727272727272","0.6818181818181818","-0.009090909090909","3.810810810810811","4.521367521367521","78.52272727272727","7.545454545454546","-1.6454545454545455","3.240218702877791","-7.288412030923703","-0.0452696399436254","0.4285714285714285","-0.0214940618658131","0.0535026261644992","0.0499333374712686","0.0206251940086152","-0.0340407061055885","-0.1577942790342036","0.0005826275533071","2.252029630924464e-05","0.0015450997345813","3","2","0","1","0.2487610572675998","5","","Ravens","https://a.espncdn.com/i/teamlogos/nfl/500/bal.png","#241773","#9E7C0C"
"Cooper Rush","Cooper","Rush","2022","5","-4.136173685434452","-0.3494998825873716","1.0252078619124176","26.0","0.8","92.47691989636756","-53.580195216902645","https://static.www.nfl.com/image/private/f_auto,q_auto/league/jljqcj2lqtdzofclzxa7","DAL","00-0033662","2972515.0","1993-11-21","75.0","225.0","10.0","Central Michigan","00-0033662_2022","#10","170.0","161","94.0","64.0","3.0","5.0","1051.0","7.0","-49.0","4","11.0","0.0","6.527950310559007","0.031055900621118","0.0186335403726708","0.5838509316770186","0.0124223602484472","2.75","5.755952380952381","80.52536231884058","7.745341614906832","-0.8944099378881988","-6.8499368182413125","-5.177038369248198","-0.0284452657650999","0.4175824175824176","-0.0390496742140723","0.031690067167491","-0.109666190656833","0.0261199166264285","0.0295026183433001","-0.0538447067634281","0.0433903825605297","1.9219603503669985e-05","0.0031915348308936","5","3","0","1","0.5808593392226462","8","60.8","Cowboys","https://a.espncdn.com/i/teamlogos/nfl/500/dal.png","#002244","#B0B7BC"
"Malik Willis","Malik","Willis","2022","3","-4.355714504979898","-0.2657238743800474","-1.48786510044909","31.0","0.3333333333333333","-65.30850830179246","-211.36562341506263","https://static.www.nfl.com/image/private/f_auto,q_auto/league/mbxvnzx6azveir76pbbu","TEN","00-0038128","4242512.0","1999-05-25","73.0","215.0","7.0","Liberty","00-0038128_2022","#7","79.0","61","31.0","27.0","3.0","0.0","276.0","10.0","-49.0","25","125.0","1.0","4.524590163934426","0.0","0.0491803278688524","0.5081967213114754","-0.0491803278688524","5.0","1.295774647887324","42.79371584699454","8.065573770491802","-1.4262295081967211","-10.518614718547228","-46.37416787788723","-0.4591501770087844","0.3366336633663366","-0.0898724563747254","-0.0182273406465904","0.0462752387095717","-0.0423417746405882","-0.1764091820024383","-0.1875676953686295","-0.0343796544307104","-2.0413822654172427e-05","-0.0156865455729288","2","5","0","0","-1.5843411028658112","7","","Titans","https://a.espncdn.com/i/teamlogos/nfl/500/ten.png","#002244","#4B92DB"
"David Blough","David","Blough","2022","2","-4.65852484143397","-0.0462471391080919","0.2750658328138917","28.0","0.0","61.11698950783502","-84.94012560543516","https://static.www.nfl.com/image/private/f_auto,q_auto/league/qs8lfzqmhviaytkxuwpo","ARI","00-0035040","3116188.0","1995-07-31","73.0","200.0","17.0","Purdue","00-0035040_2022","#17","65.0","58","38.0","18.0","2.0","2.0","402.0","5.0","-24.0","4","5.0","0.0","6.931034482758621","0.0344827586206896","0.0344827586206896","0.6551724137931034","0.0","1.25","5.206349206349207","82.6867816091954","8.293103448275861","-1.4137931034482758","0.6323942648512898","-7.749042308496338","-0.1076255876180047","0.3611111111111111","-0.1010551622444584","-0.0588351662977313","0.0465665637390737","-0.0230012728096669","-0.1170510219841081","0.091539646425575","0.0108082332844713","9.490700859816686e-06","-0.0017239582867893","0","2","0","0","-0.1241249966488314","2","","Cardinals","https://a.espncdn.com/i/teamlogos/nfl/500/ari.png","#97233F","#000000"
"Trace McSorley","Trace","McSorley","2022","1","-4.736188363489897","0.0395905901216781","0.0395905901216781","32.0","0.0","36.56028880340033","-109.49682630986985","https://static.www.nfl.com/image/private/f_auto,q_auto/league/h18erwnwrqhpt7znvd3d","ARI","00-0035146","3116172.0","1995-08-23","72.0","202.0","19.0","Penn State","00-0035146_2022","#19","90.0","82","45.0","32.0","5.0","0.0","412.0","3.0","-27.0","13","62.0","0.0","5.024390243902439","0.0","0.0609756097560975","0.5487804878048781","-0.0609756097560975","4.769230769230769","1.8823529411764703","43.34349593495935","7.853658536585366","-1.6341463414634143","-10.61891652159877","-39.00735859473051","-0.3824250842620638","0.2941176470588235","-0.0421176653761261","0.022063252940064","-0.0045525402595512","-0.0839656092368954","-0.1037575357583016","-0.1798930866771398","-0.0336044921629535","9.490700859816686e-06","-0.0076268862903103","0","5","0","0","-0.7779424016116542","5","","Cardinals","https://a.espncdn.com/i/teamlogos/nfl/500/ari.png","#97233F","#000000"
"P.J. Walker","Phillip","Walker","2022","5","-4.807663629521637","-0.0919499247039675","0.3511531348388269","28.0","0.4","45.50506672375079","-100.5520483895194","https://static.www.nfl.com/image/private/f_auto,q_auto/league/cmuf0gtzectijxrktpg2","CAR","00-0033275","3051308.0","1995-02-26","71.0","212.0","11.0","Temple","00-0033275_2022","#11","115.0","106","63.0","40.0","3.0","3.0","731.0","7.0","-46.0","5","40.0","0.0","6.89622641509434","0.0283018867924528","0.0283018867924528","0.5943396226415094","0.0","8.0","5.398230088495575","77.9874213836478","8.150943396226415","-0.9245283018867924","-7.132591335546403","-19.009829988163425","-0.1545514633184018","0.3658536585365853","-0.0198535813358805","0.0217519445372596","-0.0847891744728373","-0.0458334959411391","-0.1009667290129923","0.0540502103726085","-0.0223132297342608","9.490700859816686e-06","0.0016781479873775","2","4","0","0","0.206412202447435","6","","Panthers","https://a.espncdn.com/i/teamlogos/nfl/500-dark/car.png","#0085CA","#000000"
"John Wolford","John","Wolford","2022","2","-5.0355824770751045","-0.4142494983970261","-0.3848623172803656","30.0","0.0","-17.951338777685773","-164.00845389095593","https://static.www.nfl.com/image/private/f_auto,q_auto/league/uxzgrelwi10vk4vbx7lc","LAR","00-0034899","3124092.0","1995-10-16","73.0","200.0","13.0","Wake Forest","00-0034899_2022","#13","73.0","62","38.0","21.0","3.0","1.0","390.0","7.0","-49.0","6","33.0","0.0","6.290322580645161","0.0161290322580645","0.0483870967741935","0.6129032258064516","-0.032258064516129","5.5","3.27536231884058","64.58333333333334","8.129032258064516","-0.9193548387096774","-5.718440696841378","-17.010249351665866","-0.2209123292424138","0.4415584415584415","-8.433178961821802e-05","-0.0785969668084134","0.0228630761623245","-0.0936525118675547","-0.0417994592066564","-0.0590304481767384","-0.0140142798245974","9.490700859816686e-06","-0.0039859805156873","0","2","0","0","-0.3069204997079248","2","","Rams","https://a.espncdn.com/i/teamlogos/nfl/500/lar.png","#003594","#FFD100"
"Sam Ehlinger","Samuel","Ehlinger","2022","3","-5.162194015860957","0.4752097173046297","0.0997129886698508","29.0","0.0","22.840645852955145","-123.21646926031504","https://static.www.nfl.com/image/private/f_auto,q_auto/league/vxk188efnro9zonnihdo","IND","00-0036879","","1998-09-30","73.0","235.0","4.0","Texas","00-0036879_2022","#4","126.0","101","64.0","34.0","3.0","3.0","573.0","14.0","-87.0","15","88.0","0.0","5.673267326732673","0.0297029702970297","0.0297029702970297","0.6336633663366337","0.0","5.866666666666666","3.5739130434782607","76.0519801980198","7.148514851485149","-1.188118811881188","-3.468459212418758","-31.297013036782037","-0.2301250958586914","0.375","0.0166507693702131","-0.0790584804736415","0.0071178240468349","-0.0594367098714425","-0.0226434447602281","-0.1381281664198752","0.0019705199806074","9.490700859816686e-06","-0.007656340704024","0","4","0","0","-1.0412623357472657","4","","Colts","https://a.espncdn.com/i/teamlogos/nfl/500/ind.png","#002C5F","#a5acaf"
"Skylar Thompson","Skylar","Thompson","2022","2","-5.359457411660607","0.3473574130064128","0.4284167928702004","30.0","0.5","55.92560135707231","-90.13151375619788","https://static.www.nfl.com/image/private/f_auto,q_auto/league/kpyt5qpi4rh9bguzuorm","MIA","00-0037327","","1997-06-04","74.0","221.0","19.0","Kansas State","00-0037327_2022","#19","116.0","105","60.0","42.0","3.0","1.0","534.0","6.0","-40.0","6","21.0","0.0","5.085714285714285","0.0095238095238095","0.0285714285714285","0.5714285714285714","-0.019047619047619","3.5","3.414414414414414","62.1626984126984","7.457142857142857","-2.3904761904761904","-5.247683957219127","-29.39327851699833","-0.2296349884140494","0.34375","-0.0362031270574486","-0.010606780777775","-0.046333047802876","0.0015890869472169","-0.0475352934715648","-0.1465742666846447","0.0126258481642027","9.490700859816686e-06","-0.0053651712847216","3","4","0","0","-0.6867419244443751","7","","Dolphins","https://a.espncdn.com/i/teamlogos/nfl/500/mia.png","#008E97","#F58220"
"Nathan Peterman","Nathan","Peterman","2022","1","-5.720426237825065","0.2379911803445179","0.2379911803445179","31.0","0.0","56.59447474516011","-89.46264036811007","https://static.www.nfl.com/image/private/f_auto,q_auto/league/owifll49p0mmsjgf7rhn","CHI","00-0033958","2972236.0","1994-05-04","74.0","225.0","14.0","Pittsburgh","00-0033958_2022","#14","27.0","24","14.0","9.0","1.0","1.0","139.0","1.0","-6.0","2","7.0","0.0","5.791666666666667","0.0416666666666666","0.0416666666666666","0.5833333333333334","0.0","3.5","4.32","71.35416666666666","11.041666666666666","2.0416666666666665","-5.5388713660447575","-5.271773491404022","-0.1952508700520008","0.3333333333333333","-0.0401883022798201","0.0093950740153849","-0.1022588536616659","0.0689453276685703","-0.1052179173641172","-0.0511600615306969","-0.0181687291684965","9.490700859816686e-06","-0.0062093540396061","0","3","0","0","-0.1676525590693661","3","","Bears","https://a.espncdn.com/i/teamlogos/nfl/500/chi.png","#0B162A","#E64100"
"Brett Rypien","Brett","Rypien","2022","2","-5.779904130882674","-0.234474355997238","-0.1605954987546044","32.0","0.5","-13.576552318724175","-159.63366743199435","https://static.www.nfl.com/image/private/f_auto,q_auto/league/dk9b6nlydrbexyyoknoi","DEN","00-0034955","3722362.0","1996-07-09","74.0","200.0","4.0","Boise State","00-0034955_2022","#4","97.0","88","53.0","31.0","4.0","2.0","483.0","8.0","-47.0","3","9.0","0.0","5.488636363636363","0.0227272727272727","0.0454545454545454","0.6022727272727273","-0.0227272727272727","3.0","3.083333333333333","63.77840909090909","8.340909090909092","-0.4431818181818182","-3.6552880687275184","-23.60435248973966","-0.233706460294452","0.4059405940594059","-0.0098901453230213","-0.0442176864641124","-0.0173082832547758","-0.1275100196000636","-0.0946065360766048","0.0005088109264851","0.0159148072288003","9.490700859816686e-06","-0.0073064054258024","1","3","0","0","-0.7379469480060443","4","","Broncos","https://a.espncdn.com/i/teamlogos/nfl/500/den.png","#002244","#FB4F14"
"Bryce Perkins","Bryce","Perkins","2022","1","-6.086670070705287","-0.2443854661744796","-0.2443854661744796","32.0","0.0","-61.09636654361987","-207.15348165689005","https://static.www.nfl.com/image/private/f_auto,q_auto/league/mouuxpmyg8wgcrtfc0tr","LAR","00-0035939","3675812.0","1996-12-20","75.0","215.0","16.0","Virginia","00-0035939_2022","#16","45.0","33","19.0","12.0","2.0","1.0","161.0","6.0","-50.0","17","93.0","0.0","4.878787878787879","0.0303030303030303","0.0606060606060606","0.5757575757575758","-0.0303030303030303","5.470588235294118","1.051282051282051","55.239898989899","5.9393939393939394","-2.303030303030303","-11.778709021481598","-16.268209724496323","-0.2905037450802915","0.3214285714285714","0.0125511329350414","-0.0405132969650812","0.0438415943999069","-0.1115087101026173","0.0315948677171867","-0.2517031961650716","-0.0181687291684965","9.490700859816686e-06","-0.005370824399385","0","4","0","0","-0.3007661663655637","4","","Rams","https://a.espncdn.com/i/teamlogos/nfl/500/lar.png","#003594","#FFD100"
"Anthony Brown","Anthony","Brown","2022","1","-6.205247775479019","-0.3629631709482112","-0.3629631709482112","32.0","0.0","-90.7407927370527","-236.79790785032287","https://static.www.nfl.com/image/private/f_auto,q_auto/league/b6mtqp6vtv5tgsxesv9w","BAL","00-0037175","","1998-07-27","73.0","226.0","12.0","Oregon","00-0037175_2022","#12","52.0","47","22.0","23.0","2.0","0.0","302.0","5.0","-14.0","0","0.0","0.0","6.425531914893617","0.0","0.0425531914893617","0.4680851063829787","-0.0425531914893617","","3.807692307692308","50.13297872340425","8.53191489361702","-0.4468085106382978","-19.272943950713945","-18.875459427436272","-0.3495455449525235","0.2777777777777778","-0.0314946839162228","-0.1120885237815406","-0.0810287693574859","-0.0649683416182082","0.035195234049551","-0.1567648171808423","0.0182017645833849","9.490700859816686e-06","-0.0071429808733173","1","1","0","0","-0.3857209671591353","2","","Ravens","https://a.espncdn.com/i/teamlogos/nfl/500/bal.png","#241773","#9E7C0C"